Feature,F_Statistic,P_Value,Significant
GDP_亿元,222.65532132189435,1.276031244132241e-20,True
研发经费投入_亿元,197.95919838588023,1.5524061036913e-19,True
数字经济核心产业增加值_亿元,178.90629113927378,1.2714985540812831e-18,True
高新技术企业数,29.77060381572226,1.3070404778421338e-06,True
跨境数据传输总量_TB,28.73777102367693,1.8420581365090286e-06,True
算力规模_PFLOPS,18.170745349613863,8.334802337779041e-05,True
5G基站数量,8.817340847666951,0.004473958032671022,True
数据交易额_亿元,5.6860171404384365,0.020711245603431103,True
