Jaccard_Mean,Jaccard_Std,ARI_Mean,ARI_Std,NMI_Mean,NMI_Std
0.9595455989199467,0.06839632589155697,0.9464717654113197,0.09375425262150747,0.9274205211969927,0.11909257140137872
