Method,N_Clusters,Silhouette,Calinski_Harabasz,Davies_Bouldin
KMeans,2,0.4549556987003866,42.79967675331011,1.0370955237682333
Hierarchical_Ward,2,0.4404012373048163,41.5587047211894,1.0541354438250565
Hierarchical_Average,2,0.5309443035570182,7.262751264766414,0.33451418836507124
GMM,2,0.4549556987003866,42.79967675331011,1.0370955237682333
Spectral,2,0.4260243173298821,25.80001601447048,1.046295396322114
