Method,Accuracy,Precision,Recall,F1_Score,AUC_OvR
LDA,0.9375,0.9583333333333333,0.9375,0.9402777777777778,1.0
QDA,0.8125,0.734375,0.8125,0.7599206349206349,0.8169642857142857
Logistic,0.9375,0.94375,0.9375,0.9287280701754386,1.0
RandomForest,0.9375,0.94375,0.9375,0.9287280701754386,0.9464285714285714
