Feature,Importance
数字经济核心产业增加值_亿元,0.24679303089894603
GDP_亿元,0.23697915552625165
研发经费投入_亿元,0.15025415309499351
数据交易额_亿元,0.12928765298839784
高新技术企业数,0.09014320274730447
跨境数据传输总量_TB,0.06483281618626227
5G基站数量,0.04920421130285877
算力规模_PFLOPS,0.032505777254985456
