Indicator,Count,Mean,Std,CV,Min,Q1,Median,Q3,Max,Skewness,Kurtosis,Shapiro_p,Is_Normal
跨境数据传输总量_TB,55,397.5106458794371,227.34515840237617,0.5719221881451919,106.50069433688508,247.4258037724366,358.7092342603945,477.1461331236111,1220.6010864980144,1.4654227249774274,2.366899155471632,4.453942768990532e-05,False
GDP_亿元,55,15273.505869342249,13761.15459521127,0.900982047797772,2698.8473222992807,4818.151468414184,7396.622609632441,26916.899904427573,47018.60537076182,0.9418129788238127,-0.6365130620118,2.7626742104705934e-07,False
数字经济核心产业增加值_亿元,55,6897.355433934828,7225.1979543842435,1.047531626228284,821.2128698984372,1697.4711682658253,2768.868188453528,12262.25067276981,25681.97964959065,1.2092355647529192,0.19921817006060838,1.012986667671202e-07,False
数据交易额_亿元,55,44.447302997998214,53.479333164379696,1.2032076089473474,1.162731045132847,18.806652387821863,28.499454729826606,50.924980101074674,364.6500959059412,4.0444802198049965,20.725685830812356,5.228818845481077e-11,False
5G基站数量,55,18579.381818181817,8569.920151300677,0.4612597036417077,4460.0,10905.5,17442.0,24356.5,37035.0,0.5724272089591551,-0.5496367497074544,0.014017819579909172,False
算力规模_PFLOPS,55,699.7097650994109,478.350618408016,0.6836414786065684,170.8259399551947,385.6158483352624,605.4425772320333,788.0323415441758,2952.0575509097134,2.336884662220616,7.416404260861867,1.7273147826979492e-07,False
