,跨境数据传输总量_TB,GDP_亿元,数字经济核心产业增加值_亿元,数据交易额_亿元,5G基站数量,算力规模_PFLOPS,研发经费投入_亿元,高新技术企业数
跨境数据传输总量_TB,1.0,0.41683501683501684,0.4249158249158249,0.28080808080808084,0.1703703703703704,0.1932659932659933,0.3683501683501684,0.3139104253501765
GDP_亿元,0.41683501683501684,1.0,0.9164983164983166,0.25252525252525254,0.31178451178451183,0.3292929292929293,0.8707070707070709,0.3287302308388115
数字经济核心产业增加值_亿元,0.4249158249158249,0.9164983164983166,1.0,0.2956228956228957,0.30101010101010106,0.36161616161616167,0.8734006734006734,0.3502863115495532
数据交易额_亿元,0.28080808080808084,0.25252525252525254,0.2956228956228957,1.0,0.04107744107744109,0.053198653198653204,0.2713804713804714,0.2384641428625804
5G基站数量,0.1703703703703704,0.31178451178451183,0.30101010101010106,0.04107744107744109,1.0,0.12053872053872056,0.3225589225589226,0.06601549717664656
算力规模_PFLOPS,0.1932659932659933,0.3292929292929293,0.36161616161616167,0.053198653198653204,0.12053872053872056,1.0,0.358922558922559,0.14819805488634943
研发经费投入_亿元,0.3683501683501684,0.8707070707070709,0.8734006734006734,0.2713804713804714,0.3225589225589226,0.358922558922559,1.0,0.3098686602169124
高新技术企业数,0.3139104253501765,0.3287302308388115,0.3502863115495532,0.2384641428625804,0.06601549717664656,0.14819805488634943,0.3098686602169124,1.0
