,跨境数据传输总量_TB,GDP_亿元,数字经济核心产业增加值_亿元,数据交易额_亿元,5G基站数量,算力规模_PFLOPS,研发经费投入_亿元,高新技术企业数
跨境数据传输总量_TB,1.0,0.5660894660894661,0.5810966810966811,0.4209235209235209,0.24393939393939393,0.2894660894660895,0.5067099567099567,0.44603979155509293
GDP_亿元,0.5660894660894661,1.0,0.9850649350649351,0.35764790764790766,0.44033189033189035,0.47604617604617605,0.9748196248196248,0.47471996255851406
数字经济核心产业增加值_亿元,0.5810966810966811,0.9850649350649351,1.0,0.4323953823953824,0.4277056277056277,0.5103174603174603,0.9747474747474747,0.500766608425772
数据交易额_亿元,0.4209235209235209,0.35764790764790766,0.4323953823953824,1.0,0.06277056277056277,0.09509379509379509,0.37402597402597404,0.35819549420499175
5G基站数量,0.24393939393939393,0.44033189033189035,0.4277056277056277,0.06277056277056277,1.0,0.16883116883116883,0.46024531024531024,0.11702952796867692
算力规模_PFLOPS,0.2894660894660895,0.47604617604617605,0.5103174603174603,0.09509379509379509,0.16883116883116883,1.0,0.5105339105339105,0.23514132654125652
研发经费投入_亿元,0.5067099567099567,0.9748196248196248,0.9747474747474747,0.37402597402597404,0.46024531024531024,0.5105339105339105,1.0,0.45704287602810356
高新技术企业数,0.44603979155509293,0.47471996255851406,0.500766608425772,0.35819549420499175,0.11702952796867692,0.23514132654125652,0.45704287602810356,1.0
