,跨境数据传输总量_TB,GDP_亿元,数字经济核心产业增加值_亿元,数据交易额_亿元,5G基站数量,算力规模_PFLOPS,研发经费投入_亿元,高新技术企业数
跨境数据传输总量_TB,1.0,0.6184295492959025,0.5948708100632438,0.1879925506688883,0.26337971166259766,0.3036030945415408,0.5772555627324572,0.49121830510479747
GDP_亿元,0.6184295492959025,1.0,0.9866358552099747,0.4072548651346004,0.4012523581919243,0.38790961616759845,0.9870555446956402,0.4691959808492516
数字经济核心产业增加值_亿元,0.5948708100632438,0.9866358552099747,1.0,0.45335862716550834,0.3907866164578483,0.3698308548591794,0.9796035839365838,0.44761019501306615
数据交易额_亿元,0.1879925506688883,0.4072548651346004,0.45335862716550834,1.0,0.07608112939740867,0.009087917671649607,0.4006530114899069,0.1210407947773919
5G基站数量,0.26337971166259766,0.4012523581919243,0.3907866164578483,0.07608112939740867,1.0,0.09480262923137153,0.3933181212905697,0.12001812506554269
算力规模_PFLOPS,0.3036030945415408,0.38790961616759845,0.3698308548591794,0.009087917671649607,0.09480262923137153,1.0,0.37549979023658325,0.3084604276123376
研发经费投入_亿元,0.5772555627324572,0.9870555446956402,0.9796035839365838,0.4006530114899069,0.3933181212905697,0.37549979023658325,1.0,0.42187587005191396
高新技术企业数,0.49121830510479747,0.4691959808492516,0.44761019501306615,0.1210407947773919,0.12001812506554269,0.3084604276123376,0.42187587005191396,1.0
