Year,Gini
2019,0.29513174569291767
2020,0.283195621158707
2021,0.31473025917022124
2022,0.26176125451524235
2023,0.23558785896431478
