Method,RMSE,MAE,Time
Mean,1100.0343318525152,129.3432565838678,N/A
Median,1215.8922253142748,121.05911377650662,N/A
KNN,756.712803153693,84.96528331643083,N/A
MICE,600.8810136777433,65.9710459818625,N/A
Forward_Fill,862.1925851114527,101.34579850499729,N/A
