Moran_I,Expected_I,Z_Score,P_Value,Significant,Pattern
-0.11055913417654523,-0.1,-0.11315631072029769,0.9099066321240175,False,Random
