Variable,Shapiro_Statistic,Shapiro_p_value,KS_Statistic,KS_p_value,Is_Normal_Shapiro,Is_Normal_KS
年份,0.8882394651905213,9.946596612974687e-05,0.15823897006597554,0.11398251668497084,False,True
城市代码,0.9392058002361919,0.007876160633720939,0.09912345305256043,0.6165609277767565,False,True
跨境数据传输总量_TB,0.8774187923168765,4.453942768990532e-05,0.14434442918611978,0.18315249616617746,False,True
入境数据量_TB,0.872069456137932,3.033810545516687e-05,0.15891563502761263,0.11125417631138168,False,True
出境数据量_TB,0.88383103592257,7.13798966799062e-05,0.12973642104999272,0.28728327986242097,False,True
数据中心数量,0.8464818521884531,5.38289924849095e-06,0.18886952477006935,0.034274903718867655,False,False
数据中心机架数,0.9065456955864407,0.0004238486050473379,0.11406736592579725,0.4390637037893641,False,True
数据中心PUE,0.9445208821825063,0.013263773439686318,0.11728908450081904,0.4045287337735235,False,True
