Variable_1,Variable_2,Control,Partial_Corr,P_Value,Significant
跨境数据传输总量_TB,数字经济核心产业增加值_亿元,GDP_亿元,-0.119441674239332,0.38508098730793777,False
跨境数据传输总量_TB,数据交易额_亿元,GDP_亿元,-0.08898449434295314,0.5182453995572979,False
跨境数据传输总量_TB,5G基站数量,GDP_亿元,0.02116325167543424,0.8781120176958573,False
数字经济核心产业增加值_亿元,数据交易额_亿元,GDP_亿元,0.34637618916709895,0.009582897915135405,True
数字经济核心产业增加值_亿元,5G基站数量,GDP_亿元,-0.03419363742723491,0.8042623519475103,False
数据交易额_亿元,5G基站数量,GDP_亿元,-0.10439199584057654,0.44816048123621466,False
