Year,Mean,Std,CV,Max_Min_Ratio,Cities
2019,340.06216925705013,191.69508039326834,0.563705985914498,6.12556939814154,11
2020,362.9343667436626,224.4202360281846,0.6183493672471383,6.170288640929007,11
2021,334.2579798228771,202.86964484918173,0.606925360335996,6.553213177650347,11
2022,469.7531142281752,246.6423190242855,0.5250466927282208,4.845775423024625,11
2023,480.54559934542027,269.25910719272673,0.5603195774958726,4.422279675576121,11
