Indicator,Start_Value,End_Value,CAGR_%
跨境数据传输总量(TB),3740.683861827551,5286.001592799623,9.029512667466522
GDP(亿元),131577.8772268811,199794.7845920627,11.006987749107155
数字经济增加值(亿元),54075.22714903149,99172.14229888754,16.371822434375048
数据交易额(亿元),343.64082819650673,877.3519247812239,26.405877852850736
