Year,Theil_Total,Theil_Within,Theil_Between
2019,0.14093336355728628,0.14093336355728628,0.0
2020,0.14804498458586923,0.14804498458586923,0.0
2021,0.16052116687486753,0.16052116687486753,0.0
2022,0.11230485993511409,0.11230485993511409,0.0
2023,0.11261706200960475,0.11261706200960475,0.0
