Variable,Original_Skew,Standardized_Skew,Normalized_Skew,Log_Skew,BoxCox_Skew,YeoJohnson_Skew
年份,0.0,0.0,0.0,-0.0007343841234530861,-0.00021517814076312363,-0.00021455574876595327
城市代码,0.0,1.6148698540002276e-17,-9.734583708326306e-16,-0.6743913415728034,-0.21346331329967194,-0.16380304550434102
跨境数据传输总量_TB,1.4654227249774274,1.465422724977428,1.4654227249774274,0.0730618094235063,0.0027203511002556655,0.0029049589917534905
入境数据量_TB,1.4710161568655842,1.4710161568655835,1.4710161568655846,0.11045523592617913,0.004317143936778389,0.004710906654870967
出境数据量_TB,1.4399784582452313,1.4399784582452317,1.4399784582452313,0.026365387767967076,0.0006811060742391911,0.0010356219657084013
